<?xml version="1.0" encoding="UTF-8"?><?xml-stylesheet type='text/xsl' href='_UpgradeReport_Files/UpgradeReport.xslt'?><UpgradeLog>
<Properties><Property Name="Solution" Value="ThreadJoinUI">
</Property><Property Name="Solution File" Value="E:\Tailieu\Hedieuhanh\Thread\Thead\ThreadJoinUI\ThreadJoinUI.sln">
</Property><Property Name="User Options File" Value="E:\Tailieu\Hedieuhanh\Thread\Thead\ThreadJoinUI\ThreadJoinUI.suo">
</Property><Property Name="Date" Value="Friday, July 22, 2016">
</Property><Property Name="Time" Value="13:36 PM">
</Property></Properties><Event ErrorLevel="0" Project="" Source="ThreadJoinUI.sln" Description="File successfully backed up as E:\Tailieu\Hedieuhanh\Thread\Thead\ThreadJoinUI\Backup\ThreadJoinUI.sln">
</Event><Event ErrorLevel="0" Project="" Source="ThreadJoinUI.suo" Description="File successfully backed up as E:\Tailieu\Hedieuhanh\Thread\Thead\ThreadJoinUI\Backup\ThreadJoinUI.suo">
</Event><Event ErrorLevel="0" Project="ThreadJoinUI" Source="ThreadJoinUI\ThreadJoinUI.csproj" Description="Project file successfully backed up as E:\Tailieu\Hedieuhanh\Thread\Thead\ThreadJoinUI\Backup\ThreadJoinUI\ThreadJoinUI.csproj">
</Event><Event ErrorLevel="0" Project="ThreadJoinUI" Source="ThreadJoinUI\Form1.cs" Description="File successfully backed up as E:\Tailieu\Hedieuhanh\Thread\Thead\ThreadJoinUI\Backup\ThreadJoinUI\Form1.cs">
</Event><Event ErrorLevel="0" Project="ThreadJoinUI" Source="ThreadJoinUI\Form1.Designer.cs" Description="File successfully backed up as E:\Tailieu\Hedieuhanh\Thread\Thead\ThreadJoinUI\Backup\ThreadJoinUI\Form1.Designer.cs">
</Event><Event ErrorLevel="0" Project="ThreadJoinUI" Source="ThreadJoinUI\Program.cs" Description="File successfully backed up as E:\Tailieu\Hedieuhanh\Thread\Thead\ThreadJoinUI\Backup\ThreadJoinUI\Program.cs">
</Event><Event ErrorLevel="0" Project="ThreadJoinUI" Source="ThreadJoinUI\Properties\AssemblyInfo.cs" Description="File successfully backed up as E:\Tailieu\Hedieuhanh\Thread\Thead\ThreadJoinUI\Backup\ThreadJoinUI\Properties\AssemblyInfo.cs">
</Event><Event ErrorLevel="0" Project="ThreadJoinUI" Source="ThreadJoinUI\Properties\Resources.Designer.cs" Description="File successfully backed up as E:\Tailieu\Hedieuhanh\Thread\Thead\ThreadJoinUI\Backup\ThreadJoinUI\Properties\Resources.Designer.cs">
</Event><Event ErrorLevel="0" Project="ThreadJoinUI" Source="ThreadJoinUI\Properties\Settings.Designer.cs" Description="File successfully backed up as E:\Tailieu\Hedieuhanh\Thread\Thead\ThreadJoinUI\Backup\ThreadJoinUI\Properties\Settings.Designer.cs">
</Event><Event ErrorLevel="0" Project="ThreadJoinUI" Source="ThreadJoinUI\Properties\Settings.settings" Description="File successfully backed up as E:\Tailieu\Hedieuhanh\Thread\Thead\ThreadJoinUI\Backup\ThreadJoinUI\Properties\Settings.settings">
</Event><Event ErrorLevel="0" Project="ThreadJoinUI" Source="ThreadJoinUI\cartoon4.ico" Description="File successfully backed up as E:\Tailieu\Hedieuhanh\Thread\Thead\ThreadJoinUI\Backup\ThreadJoinUI\cartoon4.ico">
</Event><Event ErrorLevel="0" Project="ThreadJoinUI" Source="ThreadJoinUI\Form1.resx" Description="File successfully backed up as E:\Tailieu\Hedieuhanh\Thread\Thead\ThreadJoinUI\Backup\ThreadJoinUI\Form1.resx">
</Event><Event ErrorLevel="0" Project="ThreadJoinUI" Source="ThreadJoinUI\Properties\Resources.resx" Description="File successfully backed up as E:\Tailieu\Hedieuhanh\Thread\Thead\ThreadJoinUI\Backup\ThreadJoinUI\Properties\Resources.resx">
</Event><Event ErrorLevel="0" Project="ThreadJoinUI" Source="ThreadJoinUI\ThreadJoinUI.csproj" Description="Project converted successfully">
</Event><Event ErrorLevel="3" Project="ThreadJoinUI" Source="ThreadJoinUI\ThreadJoinUI.csproj" Description="Converted">
</Event><Event ErrorLevel="0" Project="" Source="ThreadJoinUI.sln" Description="Solution converted successfully">
</Event><Event ErrorLevel="3" Project="" Source="ThreadJoinUI.sln" Description="Converted">
</Event><Event ErrorLevel="0" Project="ThreadJoinUI" Source="ThreadJoinUI\ThreadJoinUI.csproj" Description="Scan complete: Upgrade not required for project files.">
</Event></UpgradeLog>